-- MySQL Script generated by MySQL Workbench
-- Wed Oct  9 13:15:38 2024
-- Model: New Model    Version: 1.0
-- MySQL Workbench Forward Engineering

SET @OLD_UNIQUE_CHECKS=@@UNIQUE_CHECKS, UNIQUE_CHECKS=0;
SET @OLD_FOREIGN_KEY_CHECKS=@@FOREIGN_KEY_CHECKS, FOREIGN_KEY_CHECKS=0;
SET @OLD_SQL_MODE=@@SQL_MODE, SQL_MODE='ONLY_FULL_GROUP_BY,STRICT_TRANS_TABLES,NO_ZERO_IN_DATE,NO_ZERO_DATE,ERROR_FOR_DIVISION_BY_ZERO,NO_ENGINE_SUBSTITUTION';

-- -----------------------------------------------------
-- Schema rmp21g
-- -----------------------------------------------------
DROP SCHEMA IF EXISTS `rmp21g` ;

-- -----------------------------------------------------
-- Schema rmp21g
-- -----------------------------------------------------
CREATE SCHEMA IF NOT EXISTS `rmp21g` DEFAULT CHARACTER SET utf8mb4 ;
SHOW WARNINGS;
USE `rmp21g` ;

-- -----------------------------------------------------
-- Table `rmp21g`.`petstore`
-- -----------------------------------------------------
DROP TABLE IF EXISTS `rmp21g`.`petstore` ;

SHOW WARNINGS;
CREATE TABLE IF NOT EXISTS `rmp21g`.`petstore` (
  `pst_id` SMALLINT UNSIGNED NOT NULL AUTO_INCREMENT,
  `pst_name` VARCHAR(30) NOT NULL,
  `pst_street` VARCHAR(30) NOT NULL,
  `pst_city` VARCHAR(30) NOT NULL,
  `pst_state` CHAR(2) NOT NULL,
  `pst_zip` INT(9) NOT NULL,
  `pst_phone` BIGINT NOT NULL,
  `pst_email` VARCHAR(100) NOT NULL,
  `pst_url` VARCHAR(100) NOT NULL,
  `pst_ytd_sales` DECIMAL(10,2) NOT NULL,
  `pst_notes` VARCHAR(255) NULL,
  PRIMARY KEY (`pst_id`))
ENGINE = InnoDB;

SHOW WARNINGS;

-- -----------------------------------------------------
-- Table `rmp21g`.`customer`
-- -----------------------------------------------------
DROP TABLE IF EXISTS `rmp21g`.`customer` ;

SHOW WARNINGS;
CREATE TABLE IF NOT EXISTS `rmp21g`.`customer` (
  `cus_id` SMALLINT UNSIGNED NOT NULL AUTO_INCREMENT,
  `cus_fname` VARCHAR(15) NOT NULL,
  `cus_lname` VARCHAR(30) NOT NULL,
  `cus_street` VARCHAR(30) NOT NULL,
  `cus_city` VARCHAR(30) NOT NULL,
  `cus_state` CHAR(2) NOT NULL,
  `cus_zip` INT(9) NOT NULL,
  `cus_phone` BIGINT NOT NULL,
  `cus_email` VARCHAR(100) NOT NULL,
  `cus_balance` DECIMAL(8,2) NOT NULL,
  `cus_total_sales` DECIMAL(8,2) NOT NULL,
  `cus_notes` VARCHAR(255) NULL,
  PRIMARY KEY (`cus_id`))
ENGINE = InnoDB;

SHOW WARNINGS;

-- -----------------------------------------------------
-- Table `rmp21g`.`pet`
-- -----------------------------------------------------
DROP TABLE IF EXISTS `rmp21g`.`pet` ;

SHOW WARNINGS;
CREATE TABLE IF NOT EXISTS `rmp21g`.`pet` (
  `pet_id` SMALLINT UNSIGNED NOT NULL AUTO_INCREMENT,
  `pst_id` SMALLINT UNSIGNED NOT NULL,
  `cus_id` SMALLINT UNSIGNED NULL,
  `pet_type` VARCHAR(45) NOT NULL,
  `pet_sex` ENUM('m', 'f') NOT NULL,
  `pet_cost` DECIMAL(6,2) NOT NULL,
  `pet_price` DECIMAL(6,2) NOT NULL,
  `pet_age` TINYINT NOT NULL,
  `pet_color` VARCHAR(30) NOT NULL,
  `pet_sale_date` DATE NULL,
  `pet_vaccine` ENUM('y', 'n') NOT NULL,
  `pet_neuter` ENUM('y', 'n') NOT NULL,
  `pet_notes` VARCHAR(255) NULL,
  PRIMARY KEY (`pet_id`),
  INDEX `fk_pet_customer_idx` (`cus_id` ASC) VISIBLE,
  INDEX `fk_pet_petstore1_idx` (`pst_id` ASC) VISIBLE,
  CONSTRAINT `fk_pet_customer`
    FOREIGN KEY (`cus_id`)
    REFERENCES `rmp21g`.`customer` (`cus_id`)
    ON DELETE CASCADE
    ON UPDATE CASCADE,
  CONSTRAINT `fk_pet_petstore1`
    FOREIGN KEY (`pst_id`)
    REFERENCES `rmp21g`.`petstore` (`pst_id`)
    ON DELETE CASCADE
    ON UPDATE CASCADE)
ENGINE = InnoDB;

SHOW WARNINGS;

SET SQL_MODE=@OLD_SQL_MODE;
SET FOREIGN_KEY_CHECKS=@OLD_FOREIGN_KEY_CHECKS;
SET UNIQUE_CHECKS=@OLD_UNIQUE_CHECKS;

-- -----------------------------------------------------
-- Data for table `rmp21g`.`petstore`
-- -----------------------------------------------------
START TRANSACTION;
USE `rmp21g`;
INSERT INTO `rmp21g`.`petstore` (`pst_id`, `pst_name`, `pst_street`, `pst_city`, `pst_state`, `pst_zip`, `pst_phone`, `pst_email`, `pst_url`, `pst_ytd_sales`, `pst_notes`) VALUES (1, 'Beyond Pets', '1234 Pet Lane', 'Tallahassee', 'FL', 32309, 6482946720, 'beyondpets@gmail.com', 'https://www.beyondpets.com', 6000, NULL);
INSERT INTO `rmp21g`.`petstore` (`pst_id`, `pst_name`, `pst_street`, `pst_city`, `pst_state`, `pst_zip`, `pst_phone`, `pst_email`, `pst_url`, `pst_ytd_sales`, `pst_notes`) VALUES (2, 'Pet Connection', '9574 Real Road', 'Austin', 'TX', 73301, 9274630175, 'petconnection@gmail.com', 'https://www.petconnection.com', 12000, NULL);
INSERT INTO `rmp21g`.`petstore` (`pst_id`, `pst_name`, `pst_street`, `pst_city`, `pst_state`, `pst_zip`, `pst_phone`, `pst_email`, `pst_url`, `pst_ytd_sales`, `pst_notes`) VALUES (3, 'Funny Paws', '7284 Chapel Street', 'Jacksonville', 'FL', 32304, 6849267841, 'funnypaws@gmail.com', 'https://www.funnypaws.com', 40000, NULL);
INSERT INTO `rmp21g`.`petstore` (`pst_id`, `pst_name`, `pst_street`, `pst_city`, `pst_state`, `pst_zip`, `pst_phone`, `pst_email`, `pst_url`, `pst_ytd_sales`, `pst_notes`) VALUES (4, 'Grooming Paws', '2947 Church Drive', 'Miami', 'FL', 32401, 5793756300, 'groomingpaws@embarqmail.com', 'https://www.groomingpaws.com', 67000, NULL);
INSERT INTO `rmp21g`.`petstore` (`pst_id`, `pst_name`, `pst_street`, `pst_city`, `pst_state`, `pst_zip`, `pst_phone`, `pst_email`, `pst_url`, `pst_ytd_sales`, `pst_notes`) VALUES (5, 'Pets R Ours', '1957 Old Chemonie Road', 'Los Angeles', 'CA', 96382, 5083618455, 'petsrours@gmail.com', 'https://www.petsrours.com', 4500, NULL);
INSERT INTO `rmp21g`.`petstore` (`pst_id`, `pst_name`, `pst_street`, `pst_city`, `pst_state`, `pst_zip`, `pst_phone`, `pst_email`, `pst_url`, `pst_ytd_sales`, `pst_notes`) VALUES (6, 'Happy Pets Store', '4967 Resurrection Road', 'Gainesville', 'FL', 32301, 1716849567, 'happypetsstore@yahoo.com', 'https://www.happypetstore.com', 237950, NULL);
INSERT INTO `rmp21g`.`petstore` (`pst_id`, `pst_name`, `pst_street`, `pst_city`, `pst_state`, `pst_zip`, `pst_phone`, `pst_email`, `pst_url`, `pst_ytd_sales`, `pst_notes`) VALUES (7, 'Pets a Million', '6074 Dog Grooming Street', 'Chicago', 'IL', 56382, 4237290560, 'petsamillion@icloud.com', 'https://www.petsamillion.com', 34200, NULL);
INSERT INTO `rmp21g`.`petstore` (`pst_id`, `pst_name`, `pst_street`, `pst_city`, `pst_state`, `pst_zip`, `pst_phone`, `pst_email`, `pst_url`, `pst_ytd_sales`, `pst_notes`) VALUES (8, 'Paws and Claws', '5279 Paw Drive', 'Seattle', 'WA', 97431, 2740583529, 'pawsandclaws@gmail.com', 'https://www.pawsandclaws.com', 750, NULL);
INSERT INTO `rmp21g`.`petstore` (`pst_id`, `pst_name`, `pst_street`, `pst_city`, `pst_state`, `pst_zip`, `pst_phone`, `pst_email`, `pst_url`, `pst_ytd_sales`, `pst_notes`) VALUES (9, 'Pets Alike', '3865 Claw Road', 'Las Vegas', 'NV', 60502, 9505082664, 'petsalike@gmail.com', 'https://www.petsalike.com', 23050, NULL);
INSERT INTO `rmp21g`.`petstore` (`pst_id`, `pst_name`, `pst_street`, `pst_city`, `pst_state`, `pst_zip`, `pst_phone`, `pst_email`, `pst_url`, `pst_ytd_sales`, `pst_notes`) VALUES (10, 'Furry Friends', '7842 Climate Street', 'Phoenix', 'AZ', 48973, 1238565428, 'furryfriends@gmail.com', 'https://www.furryfriends.com', 56000, NULL);

COMMIT;


-- -----------------------------------------------------
-- Data for table `rmp21g`.`customer`
-- -----------------------------------------------------
START TRANSACTION;
USE `rmp21g`;
INSERT INTO `rmp21g`.`customer` (`cus_id`, `cus_fname`, `cus_lname`, `cus_street`, `cus_city`, `cus_state`, `cus_zip`, `cus_phone`, `cus_email`, `cus_balance`, `cus_total_sales`, `cus_notes`) VALUES (1, 'Ryan', 'Parks', '9162 Old Chemonie Road', 'Tallahassee', 'FL', 32309, 8504572947, 'ryanparks@gmail.com', 50000, 12000, NULL);
INSERT INTO `rmp21g`.`customer` (`cus_id`, `cus_fname`, `cus_lname`, `cus_street`, `cus_city`, `cus_state`, `cus_zip`, `cus_phone`, `cus_email`, `cus_balance`, `cus_total_sales`, `cus_notes`) VALUES (2, 'Jonah', 'Smith', '1234 Real Street', 'Jacksonville', 'FL', 60826, 6392057352, 'jonahsmith@gmail.com', 5400, 750, NULL);
INSERT INTO `rmp21g`.`customer` (`cus_id`, `cus_fname`, `cus_lname`, `cus_street`, `cus_city`, `cus_state`, `cus_zip`, `cus_phone`, `cus_email`, `cus_balance`, `cus_total_sales`, `cus_notes`) VALUES (3, 'Andrew', 'Randell', '4748 Made Up Road', 'Miami', 'FL', 60037, 6904739284, 'andrewrendell@gmail.com', 120, 50, NULL);
INSERT INTO `rmp21g`.`customer` (`cus_id`, `cus_fname`, `cus_lname`, `cus_street`, `cus_city`, `cus_state`, `cus_zip`, `cus_phone`, `cus_email`, `cus_balance`, `cus_total_sales`, `cus_notes`) VALUES (4, ' Bob', 'Harrenhall', '3902 Friendly Drive', 'Las Vegas', 'NV', 32057, 1937502766, 'bobh@gmail.com', 5920, 4500, NULL);
INSERT INTO `rmp21g`.`customer` (`cus_id`, `cus_fname`, `cus_lname`, `cus_street`, `cus_city`, `cus_state`, `cus_zip`, `cus_phone`, `cus_email`, `cus_balance`, `cus_total_sales`, `cus_notes`) VALUES (5, 'Dan', 'Charge', '7393 Awesome Street', 'Chicago', 'IL', 10375, 2916596036, 'dancharge@gmail.com', 6700, 6000, NULL);
INSERT INTO `rmp21g`.`customer` (`cus_id`, `cus_fname`, `cus_lname`, `cus_street`, `cus_city`, `cus_state`, `cus_zip`, `cus_phone`, `cus_email`, `cus_balance`, `cus_total_sales`, `cus_notes`) VALUES (6, 'Carter', 'Larry', '5794 Old Road', 'Seattle', 'WA', 60285, 6920845920, 'carterlarry@gmail.com', 1250, 750, NULL);
INSERT INTO `rmp21g`.`customer` (`cus_id`, `cus_fname`, `cus_lname`, `cus_street`, `cus_city`, `cus_state`, `cus_zip`, `cus_phone`, `cus_email`, `cus_balance`, `cus_total_sales`, `cus_notes`) VALUES (7, 'Tristan', 'Porter', '8204 Fantastic Hills', 'Los Angeles', 'CA', 59204, 2094750284, 'tristanp@yahoo.com', 2000, 1000, NULL);
INSERT INTO `rmp21g`.`customer` (`cus_id`, `cus_fname`, `cus_lname`, `cus_street`, `cus_city`, `cus_state`, `cus_zip`, `cus_phone`, `cus_email`, `cus_balance`, `cus_total_sales`, `cus_notes`) VALUES (8, 'Teagan', 'Milhouse', '9246 Old Chemonie Road', 'Tallahassee', 'FL', 32309, 4850285039, 'teaganm@gmail.com', 7500, 2500, NULL);
INSERT INTO `rmp21g`.`customer` (`cus_id`, `cus_fname`, `cus_lname`, `cus_street`, `cus_city`, `cus_state`, `cus_zip`, `cus_phone`, `cus_email`, `cus_balance`, `cus_total_sales`, `cus_notes`) VALUES (9, 'Titus', 'Etters', '4920 Jacksonville Street', 'Tallahassee', 'FL', 32307, 2194757902, 'titusetters@gmail.com', 5000, 4000, NULL);
INSERT INTO `rmp21g`.`customer` (`cus_id`, `cus_fname`, `cus_lname`, `cus_street`, `cus_city`, `cus_state`, `cus_zip`, `cus_phone`, `cus_email`, `cus_balance`, `cus_total_sales`, `cus_notes`) VALUES (10, 'Matthew', 'Roberson', '9628 Sick Street', 'Tallahassee', 'FL', 32304, 2085730858, 'matthewr@yahoo.com', 12500, 7500, NULL);

COMMIT;


-- -----------------------------------------------------
-- Data for table `rmp21g`.`pet`
-- -----------------------------------------------------
START TRANSACTION;
USE `rmp21g`;
INSERT INTO `rmp21g`.`pet` (`pet_id`, `pst_id`, `cus_id`, `pet_type`, `pet_sex`, `pet_cost`, `pet_price`, `pet_age`, `pet_color`, `pet_sale_date`, `pet_vaccine`, `pet_neuter`, `pet_notes`) VALUES (1, 3, NULL, 'Parrot', 'M', 250, 400, 5, 'red and green', NULL, 'Y', 'Y', NULL);
INSERT INTO `rmp21g`.`pet` (`pet_id`, `pst_id`, `cus_id`, `pet_type`, `pet_sex`, `pet_cost`, `pet_price`, `pet_age`, `pet_color`, `pet_sale_date`, `pet_vaccine`, `pet_neuter`, `pet_notes`) VALUES (2, 7, 1, 'Beagle', 'F', 400, 600, 2, 'brown black and white', '2021-3-1', 'Y', 'Y', NULL);
INSERT INTO `rmp21g`.`pet` (`pet_id`, `pst_id`, `cus_id`, `pet_type`, `pet_sex`, `pet_cost`, `pet_price`, `pet_age`, `pet_color`, `pet_sale_date`, `pet_vaccine`, `pet_neuter`, `pet_notes`) VALUES (3, 9, NULL, 'Tiger', 'M', 2500, 3500, 7, 'orange and striped', NULL, 'Y', 'Y', NULL);
INSERT INTO `rmp21g`.`pet` (`pet_id`, `pst_id`, `cus_id`, `pet_type`, `pet_sex`, `pet_cost`, `pet_price`, `pet_age`, `pet_color`, `pet_sale_date`, `pet_vaccine`, `pet_neuter`, `pet_notes`) VALUES (4, 4, 8, 'Lion', 'M', 5000, 6750, 9, 'classic lion gold', '2021-2-5', 'Y', 'Y', NULL);
INSERT INTO `rmp21g`.`pet` (`pet_id`, `pst_id`, `cus_id`, `pet_type`, `pet_sex`, `pet_cost`, `pet_price`, `pet_age`, `pet_color`, `pet_sale_date`, `pet_vaccine`, `pet_neuter`, `pet_notes`) VALUES (5, 6, 7, 'Giraffe', 'F', 1000, 1250, 12, 'golden spotted', '2003-7-3', 'Y', 'Y', NULL);
INSERT INTO `rmp21g`.`pet` (`pet_id`, `pst_id`, `cus_id`, `pet_type`, `pet_sex`, `pet_cost`, `pet_price`, `pet_age`, `pet_color`, `pet_sale_date`, `pet_vaccine`, `pet_neuter`, `pet_notes`) VALUES (6, 1, 2, 'Zebra', 'M', 7500, 8500, 6, 'black amd white striped', '2015-4-12', 'Y', 'Y', NULL);
INSERT INTO `rmp21g`.`pet` (`pet_id`, `pst_id`, `cus_id`, `pet_type`, `pet_sex`, `pet_cost`, `pet_price`, `pet_age`, `pet_color`, `pet_sale_date`, `pet_vaccine`, `pet_neuter`, `pet_notes`) VALUES (7, 3, 3, 'Monkey', 'F', 500, 750, 3, 'brown', '2020-6-7', 'Y', 'Y', NULL);
INSERT INTO `rmp21g`.`pet` (`pet_id`, `pst_id`, `cus_id`, `pet_type`, `pet_sex`, `pet_cost`, `pet_price`, `pet_age`, `pet_color`, `pet_sale_date`, `pet_vaccine`, `pet_neuter`, `pet_notes`) VALUES (8, 4, 9, 'Ferret', 'F', 200, 300, 7, 'tan', '2016-8-4', 'Y', 'Y', NULL);
INSERT INTO `rmp21g`.`pet` (`pet_id`, `pst_id`, `cus_id`, `pet_type`, `pet_sex`, `pet_cost`, `pet_price`, `pet_age`, `pet_color`, `pet_sale_date`, `pet_vaccine`, `pet_neuter`, `pet_notes`) VALUES (9, 2, 10, 'Seal', 'M', 600, 750, 9, 'dark brown', '2012-1-2', 'Y', 'Y', NULL);
INSERT INTO `rmp21g`.`pet` (`pet_id`, `pst_id`, `cus_id`, `pet_type`, `pet_sex`, `pet_cost`, `pet_price`, `pet_age`, `pet_color`, `pet_sale_date`, `pet_vaccine`, `pet_neuter`, `pet_notes`) VALUES (10, 8, NULL, 'Goldfish', 'F', 50, 75, 4, 'gold and yellow', NULL, 'N', 'N', NULL);

COMMIT;

